,Unnamed: 0,lang,sensitive,retweet,reply,likes,quote,created,text,id,author_id
8590,8590,en,False,0,0,0,0,2021-12-03T01:11:58.000Z,VLOG Newbie Dune Bashing Drive with the The Big Boys Drive 3 https://t.co/7GMQDBv6DB via @YouTube,1466575905950552069,917360155255279616
2223,2223,en,False,0,1,0,0,2021-12-05T21:27:33.000Z,Blaze will not like Dune for the fact that there is a scene in the movie in which a cat gets milked.,1467606592346595332,2560374998
1288,1288,en,False,0,0,2,0,2021-12-06T08:27:08.000Z,The First Order scenes in star wars would have looked better if they had a little weirdness like this. Like the throat singing in Dune. Gotta get the 'culture' in. https://t.co/RCP2Lyqa5z,1467772584125214721,944006306305859584
8485,8485,en,False,0,0,0,0,2021-12-03T01:54:53.000Z,HBO Max Currently Has Many of the Best Sci Fi Movies Ever Made (Including DUNE) | Flick¬†Connection https://t.co/uAWDdU3cUG,1466586705268551688,1382028946754072587
162,162,en,False,0,0,0,0,2021-12-06T22:29:33.000Z,This isn't a still shot from Dune? https://t.co/DLQXXvWeiB,1467984586370170892,359425035
4464,4464,en,False,1,0,8,0,2021-12-04T21:02:59.000Z,These are the only sellers of $RNB in the past 24 hours. üíéüëê https://t.co/I8AtmEaBB4 https://t.co/fu8RBw0XnX,1467238023482023937,1413323348512329730
8096,8096,en,False,0,0,0,0,2021-12-03T05:48:50.000Z,"Do you need a website for your business? Hire an expert on fiverr today!
https://t.co/hzXhLYEThP
#SpotifyWrapped #MUFC #MoneyHeist5 #OmicronVarient #bbcqt #BTSPermissionToDanceOnStageLA #COVID19 #Christmas2021 #Dune #DOYOUNG #PTD_ON_STAGE_LA_D4 #Arsenal #Ronaldo #WayV #NFT",1466645581879824384,1169724091789729793
7030,7030,en,False,0,0,0,0,2021-12-03T17:25:58.000Z,"Dune part 2 on 2023!?,2 years waiting period *sigh*",1466821021642547205,1267807241702240256
4481,4481,en,False,0,0,5,0,2021-12-04T20:56:03.000Z,"Doing a double feature of Dune and The French Dispatch today!

üé∂ Chala Chala Chala Chala Chala Chala Timoth√©e Chalamet üé∂",1467236279377039363,13537462
4810,4810,en,False,1,0,8,0,2021-12-04T17:36:08.000Z,"King Richard
Dune
Spencer
Single All The Way
Passing
Red Notice https://t.co/jhSl025KsE",1467185966343413765,1113573384925917186
5607,5607,en,False,0,2,1,0,2021-12-04T07:40:29.000Z,Oz nerds: The 1984 Dune is on 9Gem tonight for all the geeky cringes.,1467036069803683841,92916926
5396,5396,en,False,0,0,4,0,2021-12-04T10:25:52.000Z,"Just saw Dune. A lot of people spitting on things. Here for it. No idea what was going on, but #aesthetics. Cool.",1467077688162545668,95537204
4376,4376,en,False,0,2,11,0,2021-12-04T21:48:38.000Z,"I saw Dune in theaters not too long ago, it was fun.
There was also a literal half hour of ads before it and the tickets were disgustingly expensive. Don't really plan on going again.
https://t.co/H0wh7OJ2i8",1467249510288089101,2326387903
829,829,en,False,0,0,0,0,2021-12-06T15:55:46.000Z,Dune (2021) https://t.co/wKUkCSqLwf,1467885485318184973,768412131679014912
7889,7889,en,False,0,0,0,0,2021-12-03T08:28:31.000Z,"Happy for Dune and TSS but no surprise that ZSJL wasn‚Äôt nominated, but also‚Ä¶

Godzilla vs. Kong is RIGHT THERE https://t.co/zsEjgbzDYR",1466685766906617864,810333983921893376
5800,5800,en,False,0,0,0,0,2021-12-04T05:22:57.000Z,Finally saw #Dune and it really is worth the hype. You can really tell that Denis Villeneuve put his heart and soul into this film. It was stunning and deserves all the praise. Can‚Äôt wait for Part Two!!!,1467001456188436485,1954670526
2944,2944,en,False,0,0,0,0,2021-12-05T13:42:20.000Z,I will bring sunglasses for Dune part two.,1467489518756384768,1094796421495046145
2226,2226,en,False,0,0,0,0,2021-12-05T21:22:57.000Z,Age of Conan developers are working on an open world survival game¬†Dune https://t.co/5Ufyjjkx6C,1467605436186738688,2833394594
1266,1266,en,False,0,1,19,0,2021-12-06T08:52:36.000Z,"Can't wait to see Josephine Langford as Princess Irulan in Dune Part 2, @dunemovie ‚ÄºÔ∏è‚ÄºÔ∏èüíìüíì https://t.co/aJI7G5bP6r",1467778994460368896,1430548012749574144
22,22,en,False,0,0,0,0,2021-12-06T23:39:51.000Z,"Hot take, Dune in terms of a movie right now is a 6/10 until part two comes out, honestly if they knew that it‚Äôd be unfinished, might as well have put more time into developing characters and emphasizing the arrival on dune as a mid to late movie point.",1468002278414168071,2502446986
2973,2973,en,False,0,3,8,0,2021-12-05T13:17:36.000Z,Could watch dune in the cinema now^^,1467483292131901459,1143956268626915329
2471,2471,en,False,0,1,2,0,2021-12-05T18:58:04.000Z,dune is back in IMAX üéûüèÉüí®,1467568974930104331,1282987382120349697
1080,1080,en,False,0,0,8,0,2021-12-06T12:17:37.000Z,I have the 1990 paperback version of Dune. But the 2005 paperback version is a little bigger. And it has the same cover. Maybe I should‚Äôve bought that one. But the smaller one is also kinda nice to carry around.. hmmm ü§î https://t.co/3ZK8Y3GxWD,1467830586056261639,935063262009483264
5466,5466,en,False,0,0,0,0,2021-12-04T09:33:15.000Z,Dune best.,1467064444916158464,84046542
6203,6203,en,False,0,0,0,0,2021-12-04T01:28:54.000Z,I‚Äôm convinced those who quit watching Dune after 20 minutes must have the attention span of a preschooler,1466942555036266496,1155730765143040002
5491,5491,en,False,0,1,7,1,2021-12-04T09:15:13.000Z,"I dreamt of this image last night, so I kind of felt I was obligated to create it in reality. 

#wip (The Dreaming Muad‚ÄôDib) #Dune #PaulAtreides https://t.co/K0x5hbzJS7",1467059910537973762,4739728998
3025,3025,en,False,0,0,0,0,2021-12-05T12:40:00.000Z,"Afternoon News
&gt; Gaddafi Libya Prez Run Back On
&gt; Labour Starmer v Rayner Again
&gt; Is Dune Better In Hebrew
Read All About It
https://t.co/78pyIOlP11
All Free All The Time
#HackneyBooks #Libya #Labour #Dune https://t.co/mWtmlhtj1I",1467473830717247499,873069102536966144
1254,1254,en,False,0,0,2,0,2021-12-06T09:05:53.000Z,Dune was a super good movie I feel like the people who said it was boring really just need be more interesting as people themselves,1467782333415583744,2814759536
5876,5876,en,False,0,2,5,0,2021-12-04T04:32:27.000Z,I‚Äôm watching the original 80s Dune and‚Ä¶ it‚Äôs actually kinda charming. The costuming and make-up/ hair are pretty cool. It feels like a stage play.,1466988748130897924,584824967
6101,6101,en,False,0,2,2,0,2021-12-04T02:30:11.000Z,"The plan is:
Licorice Pizza on 35mm
The Tragedy of Macbeth in standard IMAX 
Dune in Laser IMAX https://t.co/iqA4UAi18n",1466957977219440643,17585901
4788,4788,en,False,0,0,0,0,2021-12-04T17:53:02.000Z,Star Wars The Vintage Collection Cara Dune Carbonized Graphite The Mandalorian https://t.co/IS8vYqJIRg https://t.co/K8M9EZ6fEP,1467190222169378823,762304479836315648
7012,7012,en,False,0,0,0,0,2021-12-03T17:36:47.000Z,"#Dune 2021 film review - NEGROMANCER 2.0: Review: 2021 ""DUNE "" is Both Tremendous and Tedious https://t.co/jEnras0zcz",1466823745352441856,311219545
1479,1479,en,False,0,1,0,0,2021-12-06T05:08:36.000Z,That's the second movie alive seen recently that put Stellan Skarsgard in a fatsuit. Weird coincidence? #Dune,1467722622108532738,17185202
1819,1819,en,False,0,1,1,0,2021-12-06T01:16:33.000Z,thought i was reading a Dune review https://t.co/n0Eez8ch53,1467664224528879620,1103449040325410816
6677,6677,en,False,0,0,2,0,2021-12-03T20:57:01.000Z,why is dune so quiet then so loud,1466874133761904643,2962064482
5955,5955,en,False,0,0,3,0,2021-12-04T03:55:48.000Z,I was just telling @Nicholosophy that we say Dune the correct way. https://t.co/dMYuMy54IL,1466979522889195527,11791522
8562,8562,en,False,0,0,0,0,2021-12-03T01:22:24.000Z,"Stream the latest movies #OnDemand with #UltraBox, #AstroGO and #HBOGO. 
Sign up for the Movies Pack now, from RM94.99 per month. 

#AstroFastPremiere #Dune #Malignant #SuicideSquad #Reminiscence",1466578533531074561,154103584
5997,5997,en,False,0,0,0,0,2021-12-04T03:33:09.000Z,dune lore be like: https://t.co/LcfwsKulhu,1466973822716887051,982547524203548673
2200,2200,en,False,0,0,2,0,2021-12-05T21:42:14.000Z,My ‚òÖ‚òÖ‚òÖ‚òÖ review of Dune (2021) on @letterboxd: https://t.co/YlsVaTzRPh https://t.co/IfGZFGf5K2,1467610289910779909,16584664
5756,5756,en,False,0,0,1,0,2021-12-04T05:52:36.000Z,"[Taking The Test From DUNE]

ME: what's in the box?

THE REVEREND MOTHER: pain

*I look in the box... it's Cards Against Humanity*

ME: ...just to be clear, you said the needle at my throat would be an ""instant death"" is that right?",1467008918043901953,85115739
884,884,en,False,0,1,7,0,2021-12-06T15:08:02.000Z,"I swear seeing Dune damaged my ears so badlyüò≠ it's not that the soundtrack wasn't amazing, it was, but seeing it in IMAX was far too loud for my ears to handle. I dont want to get tinnitus so I think I'm just gonna have to avoid imax in the future",1467873474987413505,1228445704110080000
421,421,en,False,0,2,15,0,2021-12-06T20:14:57.000Z,"Did I just go to see #Dune again? Well yes, I totally did ‚ò∫Ô∏è -N",1467950711086460933,965779715033325568
94,94,en,False,0,0,14,0,2021-12-06T23:04:08.000Z,Crysknife - made from a tooth of Shai-Hulud. #Dune https://t.co/mfVJOZwbyN,1467993289873784833,827904628641591300
3757,3757,en,False,0,0,0,0,2021-12-05T03:19:53.000Z,Time to watch dune,1467332874059886596,233380262
9,9,en,False,0,0,0,0,2021-12-06T23:51:08.000Z,"Well, just finished watching Dune(2021) and I have to say I was disapointed.
All these great actors and cinematic landscapes...the essence just was not there. It felt too drawn out...üôÅ
I'm still a fan of the 1984 version. It was cheesy, but you were let saying wow!!",1468005117462990850,3317368197
7626,7626,en,False,0,0,1,0,2021-12-03T11:44:41.000Z,Lowkey getting dune vibes üëÄ and why does he look so fcking good?! ü•µü•µ https://t.co/0AE1r8lk9b,1466735134829432832,768911187446796292
6530,6530,en,False,0,0,0,0,2021-12-03T22:25:03.000Z,This DAO ‚ÄòBought‚Äô Alejandro Jodorowsky‚Äôs Dune Bible‚ÄîBut It Doesn‚Äôt Own It Yet https://t.co/iT5wuGoZL3,1466896287492681740,774678899712294912
1745,1745,en,False,1,0,10,0,2021-12-06T02:14:20.000Z,Dune https://t.co/0ieUCnT4lh,1467678765320867842,1214707158031355904
3731,3731,en,False,0,0,0,0,2021-12-05T03:34:13.000Z,Dune movie&gt; New Star Wars Trilogy,1467336478971895813,1276481085799620611
5705,5705,en,False,0,2,4,0,2021-12-04T06:23:20.000Z,Can't seem to stay off zeeeee Dune. Rise of Ix can't come soon enough. https://t.co/q70UisDfiU,1467016650985664512,44064578
14,14,en,False,0,0,0,0,2021-12-06T23:49:01.000Z,I don‚Äôt know much about Dune but I‚Äôll tell you I‚Äôd have a horrible time watching this version because of how fucking ugly it is. https://t.co/ugNeq407wb,1468004582278189061,1035713710952722432
7812,7812,en,False,0,0,0,0,2021-12-03T09:26:20.000Z,Dune (part one) ‚Äî spice up your¬†life https://t.co/lygLqEBLNv,1466700320009068550,577329310
7840,7840,en,False,0,0,0,0,2021-12-03T08:59:39.000Z,The latest Film Noir Movies! https://t.co/Ii49G4lhhH #dune #spencer,1466693602864730115,518806991
2314,2314,en,False,0,0,0,0,2021-12-05T20:35:05.000Z,"#Scifi classic #mustread: Battlefield Earth.
If you liked #Dune, you'll love it.
""Non-stop and fast-paced.‚Äù @KJA (co-author of the Dune Sagas) https://t.co/1njKkYDtWU 
#readers #scifilover #bookworm
@BE_the_Book https://t.co/AvlyFcgsZb",1467593391622045696,2701987350
4064,4064,en,False,0,0,1,0,2021-12-05T00:22:18.000Z,Prepped to watch Dune with my son. https://t.co/l2VgLUCE7Q,1467288182848901126,84350434
5308,5308,en,False,0,1,5,0,2021-12-04T11:23:46.000Z,"Watched Dune today, great movie! I recommend givin it a cheeky watch!",1467092258956595200,1250000458489323520
7341,7341,en,False,0,0,0,0,2021-12-03T14:30:41.000Z,Friday Reads: The Art and Soul of Dune by Tanya¬†Lapointe https://t.co/JhPGFtoEWr,1466776911103897601,831481
3906,3906,en,False,1,0,6,1,2021-12-05T02:00:01.000Z,"‚ÄúAny road followed precisely to its end leads precisely nowhere. Climb the mountain just a little bit to test that it‚Äôs a mountain. From the top of the mountain, you cannot see the mountain.‚Äù ~ Bene Gesserit proverb, Dune",1467312773495459840,19261258
5266,5266,en,False,0,6,66,0,2021-12-04T11:47:21.000Z,Dune is batshit insane. I'm exhausted. It's perfect. https://t.co/mC7XwI2SrU,1467098192827215874,26992760
4107,4107,en,False,3,0,18,0,2021-12-05T00:04:40.000Z,"Os indicados a 'Melhor Montagem' no The Washington DC Area Film Critics Association s√£o:

- Belfast
- Dune
- The French Dispatch
- The Power of the Dog
- tick, tick...BOOM! https://t.co/D5liM3OCcP",1467283745942163457,1387180389219946497
8007,8007,en,False,1,0,5,0,2021-12-03T07:04:18.000Z,ebegging the dune skins to come back i know it was like a month ago but i want paul so badly https://t.co/haFvuxorRj,1466664574887759874,1459228676982075401
8318,8318,en,False,0,0,0,0,2021-12-03T03:16:00.000Z,Had two days off this week and I'm still very ready for the weekend. Bought two tickets to see Dune in IMAX and I might go to both,1466607120686759939,33765200
7537,7537,en,False,0,0,2,0,2021-12-03T12:38:25.000Z,drake the type of dude to say ‚Äúyou HAVE to read the book before watch Dune ü§ì,1466748656954925056,1013921514700148736
5290,5290,en,False,0,0,0,0,2021-12-04T11:35:20.000Z,Dune - Group Movie Reaction https://t.co/UNXXQILFSJ via @YouTube,1467095168167858177,1267707176241389568
1783,1783,en,False,0,0,0,1,2021-12-06T01:36:33.000Z,also i‚Äôm about to spend the next however long getting really annoying and high and mighty about reading Dune this is ur warning now @ my 16 followers,1467669256078692356,1286429973192929281
1456,1456,en,False,0,0,1,0,2021-12-06T05:25:31.000Z,Dune (2021) https://t.co/N2nlFeUVYu,1467726878286954499,144324838
5513,5513,en,False,1,1,6,0,2021-12-04T08:49:10.000Z,"No stream tonight, going out to the movies to watch ""Dune"", have a wonderful timezone everyone üíô https://t.co/1g677pHdSI",1467053354022891520,795179249258754048
1212,1212,en,False,0,1,11,0,2021-12-06T09:57:56.000Z,"Yaaaay!!! Today I finally get to see Dune!! 

I waited so long üòÇ",1467795432470454275,1351556591070412800
5696,5696,en,False,0,0,0,0,2021-12-04T06:29:08.000Z,"Narbonne. ""Around 11pm, very agitated"" (Finding Languedoc). Within the town, it
is a family without history, established for generations in the village. ""It
seems that around 11 p.m., he was seized with a great restlessness and wants to
take his m... https://t.co/7pIbZgqql3",1467018113178873856,1011288240119304192
4860,4860,en,False,0,0,1,0,2021-12-04T17:06:55.000Z,This DAO ‚ÄòBought‚Äô Alejandro Jodorowsky‚Äôs Dune Bible‚ÄîBut It Doesn‚Äôt Own It Yet - Decrypt https://t.co/cHVQK1z9Mi,1467178616685428736,26784744
5234,5234,en,False,1,1,4,0,2021-12-04T12:13:38.000Z,after watching dune ‚Äòstaring zendaya‚Äô doesn‚Äôt carry the weight you think it does https://t.co/RbS7WVQz7P,1467104807458648068,3183532624
8274,8274,en,False,0,0,0,0,2021-12-03T03:46:40.000Z,Dune on the list https://t.co/8eNzK9042B https://t.co/dvRuiJYagG,1466614837576974339,1025779974807191552
2253,2253,en,False,0,0,2,0,2021-12-05T21:06:05.000Z,"; been reading children of dune all night. boy, i miss paul.",1467601190368206865,1080769326746165248
4067,4067,en,False,0,0,1,0,2021-12-05T00:20:51.000Z,"little timmy
#TimotheeChalamet #timmy #cmbyn #dune #ladybird #littlewomen https://t.co/LWrdWGnNoZ",1467287818452017158,1466871459012300811
6524,6524,en,False,0,0,2,0,2021-12-03T22:28:51.000Z,This is how #cats bend the space-time continuum.  #DuneMovie #Dune https://t.co/tfOpOYwYDX,1466897243554861069,16378751
2887,2887,en,False,0,0,0,0,2021-12-05T14:30:10.000Z,Dune Best Line https://t.co/ikxZxaFJw4 via @YouTube @CallidusDominus,1467501557650448392,1248950922
6710,6710,en,False,0,0,2,0,2021-12-03T20:38:29.000Z,Why did I go all the way to Hollywood to see Dune in IMax when the animated Diary of a Wimpy Kid movie is on Disney+? Gotta get my priorities straight.,1466869469083418627,719329815141060610
619,619,en,False,2,0,2,0,2021-12-06T18:07:29.000Z,"OUR LATEST EPISODE IS LIVE‚ú® : Space Capitalism 2: Electric Boogaloo - S3EP2 
#Dune #DunePartTwo #scifibooks #SpiderManNoWayHome #blerd #podcast #TimotheeChalamet #Zendaya #WISM 
https://t.co/8Jb4pUFaHs",1467918632126713864,1288907609832071170
2652,2652,en,False,0,0,0,0,2021-12-05T17:06:30.000Z,I GOT MY DUNE NOVELS,1467540897676070915,1020413158287167488
1611,1611,en,False,0,0,0,0,2021-12-06T03:39:44.000Z,Dune still is the movie of the year.,1467700257727393792,1303728673569345536
6080,6080,en,False,0,0,0,0,2021-12-04T02:44:49.000Z,"$LUNA is the real life equivalent of Spice from Dune. Potentially the most valuable asset in the universe. Pure rocket fuel. üåü

#RecvProfit",1466961662918144001,1206358258820235265
2565,2565,en,False,4,1,1,0,2021-12-05T18:02:48.000Z,Random weird #music thought - #JungJaeil should have composed the #soundtrack for @dunemovie. #movies #composer #soundtracks #Dune #DuneMovie,1467555065791721474,1155222146265825280
5567,5567,en,False,0,0,1,0,2021-12-04T08:09:13.000Z,Lynch's #Dune is on free-to-air tonight. This is gonna be fun.,1467043300536246274,26971593
1558,1558,en,False,0,0,0,0,2021-12-06T04:06:37.000Z,"Official Le Nom A Besoin Dune Biere Shirt hoodie, sweater - Teeclover.html https://t.co/ytZmL1g7Hi",1467707022871523331,1157470931737927680
1101,1101,en,False,0,0,0,0,2021-12-06T12:02:32.000Z,"Dune was epic

Never new deserts could be so beautiful",1467826789976195074,807074567252414464
6827,6827,en,False,0,0,1,0,2021-12-03T19:30:59.000Z,"The film ‚ÄòDune‚Äô, techno-Orientalism, and intergalactic Islam / IBRAHIM AL MARASHI https://t.co/v4W6soCmz2",1466852482404044806,997079973562380288
7290,7290,en,False,0,0,0,0,2021-12-03T15:07:13.000Z,i just know this is about dune. i gotta finish that book https://t.co/6CR7IZTNhW,1466786102296162309,1456282440742412302
7492,7492,en,False,0,0,2,0,2021-12-03T13:04:40.000Z,Dune was awesome! https://t.co/AFQ2AUZi29,1466755264405663745,1407311160471277573
6,6,en,False,0,1,0,0,2021-12-06T23:52:35.000Z,just watched dune again but in imax it was PHENOMENAL,1468005480148652036,115194640
3027,3027,en,False,1,0,13,0,2021-12-05T12:38:09.000Z,"a moonless, wrongly taken dune. ask your question",1467473367276003332,1234495355686965248
4391,4391,en,False,0,0,2,0,2021-12-04T21:41:30.000Z,Dune as directed by David Lynch https://t.co/1u0qV8ofMq,1467247716338180098,221868446
2293,2293,en,False,0,0,0,0,2021-12-05T20:47:56.000Z,why do I look like the dune guy üòïüòïüòï,1467596624876949505,1412751352145588225
5362,5362,en,False,0,0,1,0,2021-12-04T10:51:15.000Z,bout to read Dune,1467084075370311681,1433960327092178945
5793,5793,en,False,0,0,6,0,2021-12-04T05:27:08.000Z,MY DUNE https://t.co/VKCZWUcoEN,1467002510963462144,867323023346475008
1936,1936,en,False,0,0,2,0,2021-12-06T00:04:46.000Z,"Can't sleep, only logical thing is to create a list of board games to aquire, any recommendations? 
This far I've got games like Oath, Root, and Dune on the list.

Open to all sorts of suggestions!",1467646160458366977,1092157916759687169
2152,2152,en,False,0,0,1,0,2021-12-05T22:07:33.000Z,"The premise of Dune ü§îü§® 
Paul go the fuck home and sit in ur mansion üíÄ slumming it w the Fremen para funsies üíÄ Grimes behavior",1467616659376467969,2982049665
340,340,en,False,0,0,0,0,2021-12-06T21:03:32.000Z,i want to read dune but only so i can win debates w guys (specifically those who read dune or pretended to) that pretend to be better than me,1467962938430717952,1425474870704361476
7460,7460,en,False,0,0,1,0,2021-12-03T13:24:04.000Z,"Still think it's the better Dune movie, by far. https://t.co/7qVB57kgAz",1466760146667724803,39424477
2964,2964,en,False,0,1,18,0,2021-12-05T13:25:24.000Z,"Really enjoyed the Merthyr Mawr Pudding Run. Brutal start running up the ""big dipper"" dune but a fantastic mix of dunes, trail and a glorious section along the beach in the winter sunshine! Pleased the stream was fairly dry! https://t.co/1N4xvcf7F1",1467485255061970946,18739846
3050,3050,en,False,0,0,0,0,2021-12-05T12:09:15.000Z,I‚Äôm watching the remake of #Dune ü§¨ even the english language needs subtitles. Grrr üò°,1467466092079505408,526411749
8347,8347,en,False,0,0,1,0,2021-12-03T02:59:54.000Z,Finally got my Dune poster from the theater I work at lol.,1466603069618151424,1271980702653964289
5057,5057,en,False,0,1,0,0,2021-12-04T14:47:39.000Z,"this is where i saw nick &amp; norah, twilight midnight release, harry potter 5-7 midnight releases, dune, etc. btw
https://t.co/8uU0M8fwWE",1467143567298727936,33701300
4035,4035,en,False,0,1,2,0,2021-12-05T00:36:08.000Z,dune being that big üò≠üò≠ https://t.co/g6L8BzrAq6,1467291666776272898,764844270
2359,2359,en,False,0,1,0,0,2021-12-05T20:12:30.000Z,"Dune (2021)
#IMDb https://t.co/mGue0z72np",1467587708008734735,16271746
6952,6952,en,False,0,1,4,0,2021-12-03T18:21:30.000Z,this old dune cover is cute lol...... check out these sick screenshots of the movie bro!! it's awesome dude!! https://t.co/1XO8WDAtS4,1466834996555968516,3291896137
7825,7825,en,False,23,6,112,2,2021-12-03T09:09:06.000Z,"""It has not occurred to you that your ancestors were survivors.

And that survival itself sometimes involved savage decisions.

A kind of wonton brutality which civilized human kind works very hard to suppress...

What price will you pay for that suppression?""

 ~Dune, Book 4",1466695981244813315,2252943488
1845,1845,en,False,1,2,7,0,2021-12-06T00:58:26.000Z,"Alright, #Dune Dune was amazing. I saw it IMAX, and probably would have loved to read the story (perhaps still will!). 

I‚Äôm glad I‚Äôve managed to (mostly) mentally block out the movie version from decades ago. Today‚Äôs version was a great reintroduction",1467659665232347139,1358312853858574336
163,163,en,False,0,0,0,0,2021-12-06T22:29:05.000Z,Dune ‚ô•Ô∏è,1467984466022965259,4869764067
1287,1287,en,False,0,0,0,0,2021-12-06T08:27:41.000Z,Dune 10/10,1467772720284934147,1426790657214013444
7514,7514,en,False,0,0,0,0,2021-12-03T12:54:56.000Z,"Ah yes, midnight, the perfect time to start watching Lynch's Dune.",1466752812914655234,24333864
1018,1018,en,False,70,101,188,2,2021-12-06T13:21:17.000Z,"Fellow #writers, help me get my Kickstarter for my latest book DUNE funded! üôèüòä 20 days to go! 

Share my pinned tweet and I‚Äôll share yours! Give me a #follow &amp; I‚Äôll #followback! Drop your #books links so I can #retweet a bunch! 

#writerslift #writing #writingcommunity",1467846609971007489,974511522733895681
7196,7196,en,False,0,0,0,0,2021-12-03T15:58:48.000Z,"1. Zack Snyder's Justice League
2. Dune
3. Lamb https://t.co/Ft3xrZ1mE0",1466799087492206594,126030304
608,608,en,False,0,0,3,0,2021-12-06T18:15:25.000Z,h/t #Dune Sietchposting &amp; #GameofThrones Shameposting https://t.co/ubhVCwbDWQ,1467920629156376576,1378430366650937346
7786,7786,en,False,0,0,0,0,2021-12-03T09:48:19.000Z,"TODAY: Funcom and Nukklear working on online Dune survival game ‚Äî If you see a juicy leak, it may have been¬†planted by marketing teams ‚Äî Respawn pulls Titanfall from sale but will keep the servers live.

Don't miss today's issue of DailyBits - https://t.co/s515KMFemZ https://t.co/henEfJL8IT",1466705848646967297,1135225648484691974
4608,4608,en,False,0,1,2,0,2021-12-04T19:44:56.000Z,seeing dune with my dad at the mall and there's like an 80% chance the parking will have closed by the time we get out and we won't be able to leave,1467218383208955908,594701963
3821,3821,en,False,5,1,47,0,2021-12-05T02:44:23.000Z,"Dune Character: *whispering something important*

The Soundtrack: AAAAAAAAAAAaaaaaaaaAaaaAHHHHHHHHH",1467323941110771713,112080759
5354,5354,en,False,0,0,1,0,2021-12-04T10:55:07.000Z,Just back from seeing Dune at the pictures. And the thing that really struck me was bagpipes ü§∑üèª #Dune,1467085049312866304,135087147
818,818,en,False,0,0,0,0,2021-12-06T16:07:35.000Z,David Lynch‚Äôs Dune was better than the new one fight me,1467888457922101263,1462130557408759811
555,555,en,True,0,0,0,0,2021-12-06T18:51:16.000Z,Why am I obsessed with Timoth√©e Chalamet all the sudden? He just did such a good job in Dune and he‚Äôs too cute üò≠‚ù§Ô∏è https://t.co/dKBmhPNWKt,1467929653784547330,1398791883724316672
7117,7117,en,False,0,1,6,0,2021-12-03T16:40:31.000Z,new dune part 2 character leak https://t.co/dJt96mgOCp,1466809583037464576,1209784978751528960
2282,2282,en,False,0,0,0,0,2021-12-05T20:52:50.000Z,Check out what I found. Dune Head Over Heels Ladies Sandals Size 38 https://t.co/t7Sc0HoMuX via @eBay_UK,1467597857632968715,2321234754
2259,2259,en,False,0,0,0,0,2021-12-05T21:02:16.000Z,"Comrades, what are you reading/listening to? 

I just finished the first book in the Dune series, and here I am w/ Four Futures, not fiction novel, that seems like an unintentional prequel in a frighteningly predictive manner. https://t.co/opMCFwB8yD",1467600229742481409,1330588835038695424
8259,8259,en,False,0,1,3,0,2021-12-03T03:55:39.000Z,I was explaining to a friend how water is fatal to the sandworms in #Dune. He said that doesn't make a lot of sense because every living organism we know of requires water to survive. My response: https://t.co/LjPG4ZVCmU,1466617099485278211,1343679967616446468
8512,8512,en,False,0,0,5,0,2021-12-03T01:41:32.000Z,"Things that make my week. Yay for Caitr√≠ona! Also, don‚Äôt count out Rebecca yet. She was easily the best thing in Dune. https://t.co/rqr2TegLkf https://t.co/tCCg0Mv4Dk",1466583346281009153,186561339
3534,3534,en,False,0,0,4,0,2021-12-05T05:30:08.000Z,My goal is to finish #Dune this month. Should be easy. I only have 15 chapters left!,1467365651308322817,1193005530127708160
1159,1159,en,False,0,0,0,0,2021-12-06T10:59:26.000Z,What Accounts for the Lasting Appeal of Dune? https://t.co/7d2YPpLVYd via @lithub,1467810909439631361,224339210
694,694,en,False,0,0,0,0,2021-12-06T17:17:08.000Z,"I don't know if I'd go this far, but I'm not a fan of 2021 Dune. It's a combination of fantastic shots, borderline incoherent  plot, and a LOT of clunky exposition. (Yes, I've read the book). I was really looking forward to it. Sad to see it go the way of Bladerunner 2049 https://t.co/4uMMvBqbG2",1467905963378102275,1279515899712561153
2064,2064,en,False,0,0,3,0,2021-12-05T22:43:56.000Z,i would like to take this time to remind everybody that the lyrics to weapon of choice by fatboy slim (2001) are about paul atreides from dune,1467625818494947328,124116719
4544,4544,en,False,0,0,0,0,2021-12-04T20:15:47.000Z,I need Dune Part Two now. I think it may have ruined other movies for me. It makes Star Wars look like Flash Gordon https://t.co/ipXXEehA55,1467226143866515457,1452602083039866881
4172,4172,en,False,0,0,0,0,2021-12-04T23:33:46.000Z,"Movie Time: I am watching ‚ÄúDune‚Äù (2021) in 4K Ultra HD Blu-ray. üé•

Release Date: January 11, 2022. üòú

Movie Trailer: https://t.co/eDwHqLgzc0
Blu-ray: https://t.co/qUfpyARh28 https://t.co/YVwHTuUGkZ",1467275970776293376,1327436770103996416
2856,2856,en,False,0,2,1,0,2021-12-05T14:53:48.000Z,someone needs to stop me from going to see dune in theater for the fourth time,1467507505664200706,1276504653656539136
266,266,en,False,0,0,0,0,2021-12-06T21:38:19.000Z,"Dune (2021)

Believe the reviews; this is a fantastic movie. This only adapts the first half of the novel so we get to do it again in a couple of years. Pity they couldn‚Äôt have shot both parts back to back, but you know‚Ä¶$$$. https://t.co/pOCfYxEe3b",1467971691720724488,200912465
3290,3290,en,False,0,0,0,0,2021-12-05T08:26:03.000Z,i love boring movies boring like dune and spencer not boring like house of gucci,1467409923373944835,1238156211872284672
1595,1595,en,False,0,0,0,0,2021-12-06T03:47:36.000Z,"$SPY no buttery dick after seeing Dune and VIX is only down a couple percent. Disappointed. Not in Dune though, it ruled. ‚òë

#RecvProfit",1467702235119616003,1232331328072437765
534,534,en,False,1,1,7,0,2021-12-06T19:02:19.000Z,"""MY DUNE"" 
0,5 tez | 35 ed
(new price)

https://t.co/wiaGAJz26Z
https://t.co/ULMr7CwLKO

#NFTs #tezos #HEN #hicetnunc #hicetnunc2000 #NFTcollector #CleanNFT https://t.co/vyj0sI4q7W",1467932434482311175,1430866668012687367
4486,4486,en,False,0,1,6,0,2021-12-04T20:52:08.000Z,Dune time (again),1467235291635326986,2523836317
3621,3621,en,False,0,0,0,0,2021-12-05T04:41:14.000Z,"Dune (2021) - Read 163 Movie Reviews 
Link: https://t.co/1wwdpQlqat 
#Dune #MovieReviews",1467353346176602114,4228094679
4410,4410,en,False,2,0,8,0,2021-12-04T21:31:59.000Z,From r/dune https://t.co/8BEOpk384o,1467245323303014400,7603032
2520,2520,en,False,0,0,0,0,2021-12-05T18:30:05.000Z,"Who's seen Dennis Villeneuve's Dune adaptation? 

Highly recommend for those that enjoy quality sci-fi. https://t.co/QTgqmihDoI",1467561934178463753,1370122027969957889
2604,2604,en,False,0,0,0,0,2021-12-05T17:36:56.000Z,"I loved Dune and of course @HansZimmer captures the essence of the landscape, the sounds of the unearthly beings, the intensity. Then I watch The Power of the Dog and see that @JnnyG has captured the era, the solitude, the nervous energy. Hats off to you both. Stunning work. ‚ú®",1467548557825789959,3176663669
4525,4525,en,False,0,2,3,0,2021-12-04T20:28:44.000Z,"So, is the second part of Dune going to be called Deuxne?",1467229404006957057,20046518
8353,8353,en,False,0,0,1,0,2021-12-03T02:57:50.000Z,"2021 Sunset Circle Awards

@SunsetAwards #Dune #SCAwards 

https://t.co/yiIrJfVTv6",1466602548643594244,977360065651863553
6102,6102,en,False,0,0,2,0,2021-12-04T02:30:08.000Z,"ICYMI
üö®ALERTüö®
#Statoversians, several of @Todd_McFarlane's SICK #DuneMovie
&amp; #dccomics Darkfather #actionfigures are NOW as low as $12.99 via #Primeday!

#Holiday #GamersUnite
TSO'VIN!!
Main
https://t.co/qE6dKZIUU7
DarkFather
https://t.co/Rah4vCCnQU
Dune
https://t.co/zyr0ThgqBG https://t.co/3NwQZ39utN https://t.co/1ZzD7KSHPE",1466957967509520384,902658745385095168
6070,6070,en,False,0,0,9,0,2021-12-04T02:50:00.000Z,"Working on designing a garden in 100% fine sand. It's exciting looking at the plant possibilities. I'm so used to working in clay. We'll have increased density knowing the plants won't grow as tall or wide, but they should reseed well. Prairie up -- dune style.",1466962967287803907,77875102
2179,2179,en,False,0,0,1,1,2021-12-05T21:51:43.000Z,ok admins going to watch dune in the cinema rn!! i‚Äôll be back later &lt;33 lets hope she sees the nwh trailer!!,1467612677920989186,1388200756914819074
3053,3053,en,False,0,0,1,0,2021-12-05T12:06:03.000Z,[pe blog] O‚ÄôReilly Media: ‚ÄúFrank Herbert: Chapter 5: Rogue Gods‚Äù ‚Äì https://t.co/3iU48Y373X #book #dune #links #science,1467465287117246464,115468520
7312,7312,en,False,2,4,31,0,2021-12-03T14:49:22.000Z,"telltale games presents dune

things I wish would happen",1466781611979161612,1072869038785748992
1662,1662,en,False,0,0,0,0,2021-12-06T03:08:35.000Z,"Off to see DUNE again, this time in Atmos. It's a bit of a trip to get to the only cinemas nearby that have it. I'm excited! https://t.co/gxliYlNuvH",1467692417964920832,2808758792
4858,4858,en,False,0,0,0,0,2021-12-04T17:08:04.000Z,Enjoyed Dune so much I‚Äôm rereading the 1st book. Remembering again why this is one of my fav sci-fi‚Äôs.,1467178905844989956,1342492718501683202
8005,8005,en,False,0,0,13,0,2021-12-03T07:04:58.000Z,"#NowWatching Dune (1st viewing)

Directed by: Denis Villeneuve 
Written by: Denis Villeneuve, Jon Spaihts, Eric Roth
Cinematography by: Greig Fraser
Edited by: Joe Walker

Time to get Dune-pilled, baby https://t.co/LkoJ0drf5b",1466664741212868608,825899570706014208
1146,1146,en,False,0,2,2,0,2021-12-06T11:16:52.000Z,"Hans Zimmer will probably win an Oscar for DUNE (a nomination is almost certain), but I wish he received a nomination for WONDER WOMAN 1984, which in my humble opinion is one of the best melodic scores he has ever written. 

#HansZimmer #WonderWoman 1984",1467815298246053895,796350013379112960
4331,4331,en,False,1,0,5,0,2021-12-04T22:06:23.000Z,Same vibes his smile awwwww #DenisVilleneuve #Timoth√©eChalamet #dune premiere ü•∞ü•∞ü•∞ü•∞ü•∫ü§èü•∫üî• https://t.co/H6hvappWOP,1467253981034467333,99357683
1766,1766,en,False,0,0,2,0,2021-12-06T01:58:47.000Z,"o villeneuve garantindo seu lugarzinho no oscar

My ‚òÖ‚òÖ‚òÖ‚òÖ¬Ω review of Dune on Letterboxd https://t.co/or2CGjYLEG",1467674853884973056,1000410105865756672
6049,6049,en,False,0,0,0,0,2021-12-04T02:57:54.000Z,i just had a nice little conversation with my friend about Dune and it made me happy,1466964954800611329,976206675588894726
4947,4947,en,False,0,0,0,0,2021-12-04T16:05:39.000Z,"39 ‚Äì $3M Dune Book Sale ‚Äì With Frank Pavich, Soby and Dan Lanigan: https://t.co/Y86ABId2CU @ginge_eth how you Dune?",1467163198239428619,1450924318104371201
7674,7674,en,False,0,0,0,0,2021-12-03T11:10:21.000Z,i think that dunemarchers change is gunna be a lot more significant than people realize but soley in 6v6 gamemodes. half of the dune chains go off of corpses in 6v6s,1466726496987496449,1217618288324370432
1762,1762,en,False,0,1,2,0,2021-12-06T01:59:46.000Z,"Still thinking about DUNE.
Love that the Duke has a weird little spider person as a pet.
Bull‚Äôs head",1467675100086341636,1155151591105683457
5563,5563,en,False,0,0,5,1,2021-12-04T08:11:49.000Z,Off to see dune https://t.co/aGbqC1oAhy,1467043951760658435,88119674
6073,6073,en,False,1,0,4,0,2021-12-04T02:49:02.000Z,"Damn‚Ä¶. #DuneMovie,  Sandworm monster is awesome!
But #Eternals this carp! where is damn #GodzillavsKong?! https://t.co/F5QJ6bVy4v",1466962722290024450,543115118
2007,2007,en,False,0,0,2,0,2021-12-05T23:24:55.000Z,Chani. #Dune #DuneMovie #chani #zendaya https://t.co/xr59gs5RBD,1467636128886968331,1328470014874234881
281,281,en,False,0,1,2,0,2021-12-06T21:34:54.000Z,dune has just replaced interstellar as my favorite movie,1467970833285009409,1430714883079876613
6092,6092,en,False,0,0,13,0,2021-12-04T02:36:22.000Z,watching dune and eating cbd gummies with my dad type of friday night I guess,1466959535717949442,276779853
6755,6755,en,False,0,0,0,0,2021-12-03T20:13:02.000Z,"I would love to show you my #listing at 7929 Dune Drive ,Unit 314 Avalon, NJ 08202 #Avalon #NJ  #realestate https://t.co/2KSB92SLFM https://t.co/3b69TWIHsQ",1466863066663075852,1272268975
2736,2736,en,False,1,0,8,0,2021-12-05T16:13:09.000Z,"Your Fairy godmother is here with glitter and crowns, and to talk about Dune üëëüîÆüôå https://t.co/H1oJJFu9IZ",1467527472082305035,119077078
4911,4911,en,False,0,0,1,0,2021-12-04T16:31:29.000Z,Dune is awesome https://t.co/28HCU2IqaB,1467169700547383300,634715906
5747,5747,en,False,0,0,0,0,2021-12-04T05:58:48.000Z,Why Dune's Visual Effects Feel So Different https://t.co/XVuVqLRo4I via @YouTube,1467010478966644738,1139080492551028741
4917,4917,en,False,0,0,0,0,2021-12-04T16:26:09.000Z,Dando play em Dune,1467168356386373634,170149459
3797,3797,en,False,0,0,0,0,2021-12-05T02:57:55.000Z,There's an essay somewhere for an art historian on how Dune was a mannerist revival film.,1467327346457915393,391249013
1054,1054,en,False,0,0,1,0,2021-12-06T12:45:17.000Z,"Went to see Dune, or as I like to call it, 3 hours of gender envy of Timoth√©e",1467837548810567681,1460709059087134723
1608,1608,en,False,10,1,112,2,2021-12-06T03:40:45.000Z,"Weekend #BoxOffice Est. - New Zealand

1. #Dune - $602k
2. #NoTimeToDie #Bond25 - $341k
3. #Venom #LetThereBeCarnage - $238k

Top10 #Movie Results: https://t.co/Fds8cqgnHI https://t.co/LMHClKmRcg",1467700512581558277,3333422778
8624,8624,en,False,0,0,0,0,2021-12-03T00:58:01.000Z,25% Off Storewide @ Dune London AU https://t.co/SJ1GEabqO3,1466572397356584966,1300693697496059904
2119,2119,en,False,0,0,0,0,2021-12-05T22:19:32.000Z,O Jorge vendo Dune com o Henry e dormindo hfidoidkdkdidkdo,1467619677799133184,193689651
2392,2392,en,False,0,1,4,0,2021-12-05T19:48:16.000Z,"Dune II: Battle for Arrakis, 1993.

@Duneemperorpaul https://t.co/ZwCJ23pK3G",1467581610686136321,1157205781
5414,5414,en,False,0,1,31,0,2021-12-04T10:08:00.000Z,seeing dune again tomorrow ü§©,1467073189834489856,1436419638515044354
6028,6028,en,False,0,0,1,0,2021-12-04T03:10:23.000Z,"the ending is a nothingburger. Go see Tick Tick‚Ä¶Boom instead, or enjoy Dune if it‚Äôs back on a local IMAX screen. https://t.co/b1rtDnlRw5",1466968094723747844,2718430589
607,607,en,False,0,0,1,0,2021-12-06T18:15:34.000Z,"I rated Dune (2021) - IMDb - 7/10 https://t.co/APOVhnxHn8 
Stunning cinemaphotography and soundtrack. Denis Villeneuve does a great job bringing this complex story to life. It is only half a movie and ends abruptly with the story just getting started.",1467920667588784132,875021508
2914,2914,en,False,0,0,0,0,2021-12-05T14:05:07.000Z,"On page 62 of 884 of Dune, by Frank Herbert https://t.co/p01C6ke4AI",1467495252122648583,709565371947327488
2013,2013,en,False,0,0,0,0,2021-12-05T23:17:45.000Z,Dune [2021] https://t.co/vPRk2Zm5Ue,1467634326766501889,526804114
4616,4616,en,False,0,0,0,0,2021-12-04T19:40:21.000Z,Trying to watch Dune for a 3rd time.,1467217229838262283,198896010
7443,7443,en,False,0,1,0,0,2021-12-03T13:32:25.000Z,can watch Dune from the comfort of my ipad omg‚Ä¶? https://t.co/Tpl6MLTh9D,1466762247485607938,1372226540
7476,7476,en,False,0,1,1,0,2021-12-03T13:12:32.000Z,Torn between Eternals or Dune?,1466757243383455750,69519494
3988,3988,en,False,1,1,4,0,2021-12-05T01:02:44.000Z,"Between this and DUNE, a golden time for stealth ‚ÄúPart One‚Äù movies. Let‚Äôs, as they say, go! https://t.co/uNRlpsFMCd",1467298358213627910,238303464
4069,4069,en,False,0,0,7,0,2021-12-05T00:19:08.000Z,"Ok so my company sent out a free Cineplex movie rental to everyone for the Holidays.  

I just checked and #Dune is available.

FREE SPICE!! LET'S GO!!!! https://t.co/a9LHVGjjqF",1467287385754849282,720627248383057921
4579,4579,en,False,0,0,0,0,2021-12-04T19:57:26.000Z,"My Fan Art for Dune Movie

#DuneMovie 
#shotoniphone 6s https://t.co/KFMmBjs3aR",1467221525950517250,754006100031238144
838,838,en,False,0,0,2,0,2021-12-06T15:49:51.000Z,I saw the Beatles Get Back over the weekend. Watching it felt like watching Dune without reading the books. Enjoyment of the movie may be impacted by how familiar you are with the lore and backstory of the characters involved. https://t.co/30Rn3lqpUK,1467883997229469697,760798958
1795,1795,en,False,0,0,0,0,2021-12-06T01:31:18.000Z,There‚Äôs a alternative universe out there where Timoth√®e Chalamet is Spider-Man and Tom Holland did dune and I don‚Äôt want to think about it cause the way things worked out is perfect for both now lmao,1467667935283924994,213652415
3115,3115,en,False,0,0,1,0,2021-12-05T11:05:03.000Z,"The new #DuneMovie did not disappoint. Pleased with how the ships and weapons turned out. Cool scenes shot in Norway. Not too sure about Edward Scissorhands, though.",1467449936795082755,11847162
8665,8665,en,True,0,0,0,0,2021-12-03T00:40:36.000Z,Good Evening Everyone! How 'U' dune'? https://t.co/q78rETHgPd,1466568013100896256,15541617
6123,6123,en,False,1,0,1,0,2021-12-04T02:18:41.000Z,"Dune finally landed in üá¶üá∫, just walked out of the showing! I loved it. Loved, loved, loved, loved it #dune #fearisthemindkiller",1466955085578006533,1492036789
5584,5584,en,False,0,0,0,0,2021-12-04T08:00:25.000Z,"I tried to like Dune. The production design is fantastic and its universe is epic. But it kind of dragged. The pacing was bad, could hardly hear the dialogue above the obnoxiously loud score and the characters robotically boring.",1467041082709983234,259203750
7369,7369,en,False,0,0,0,0,2021-12-03T14:10:58.000Z,"Before the Cameras Even Roll, ‚ÄúA Movie Lives or Dies by Casting‚Äù https://t.co/97gMhj4CbH via @thr",1466771950374723588,2544914191
2176,2176,en,False,0,0,0,0,2021-12-05T21:53:09.000Z,House Atreides (Suite) | Dune (Soundtrack) by Hans Zimmer https://t.co/4tiQqeoCPC via @YouTube,1467613037205016579,725061371860279296
5952,5952,en,False,0,0,1,0,2021-12-04T03:56:33.000Z,"Fuck yeah I'm at the movies for the first time in two years!

I'm seeing ""Dune"".",1466979714380169216,103099274
1050,1050,en,False,0,0,0,0,2021-12-06T12:53:12.000Z,how are you gonna call dune ‚Äúlowkey good‚Äù its the best movie released this year,1467839541339901954,2724401212
3410,3410,en,False,0,0,1,0,2021-12-05T07:03:28.000Z,"Now Playing, Herman Dune ‚Äî Pure Hearts from 1-2-3 Apple Tree #music #Folk",1467389138563440641,259312208
903,903,en,False,0,0,0,0,2021-12-06T14:48:23.000Z,"My bot that tweets a random Dune character everyday (@EveryDune) tweeted 'Stilgar' (played by Javier Bardem  and Everett McGill) twice within two days. 

Not impossible: it's random and there's only about 300 characters for it to choose from. But unlikely. https://t.co/aLYnMLKDbc",1467868526459461640,121846593
4993,4993,en,False,0,0,0,0,2021-12-04T15:31:15.000Z,"""You are important enough to ask and you are blessed enough to receive back.""

- Ian Somerhalder,
Dune (1984)",1467154539845337088,1182353912805740544
83,83,en,False,0,0,0,0,2021-12-06T23:08:14.000Z,"Dune, but everyone's watching you.

DüëÄn https://t.co/PPXgVlIsXi",1467994317881024513,1566395149
4522,4522,en,False,0,0,0,0,2021-12-04T20:31:35.000Z,I'm watching Dune (2021) https://t.co/DnE7c01JBd #trakt,1467230122705137665,1173723275798700032
3166,3166,en,False,0,1,0,0,2021-12-05T10:23:39.000Z,"‚ÄúI must not fear. Fear is the mind-killer. Fear is the little-death that brings total obliteration. I will face my fear. I will permit it to pass over me and through me. And when it has gone past I will turn the inner eye to see its path. 

‚Äï Frank Herbert, Dune https://t.co/FOzvx0IbzB",1467439519293190144,878771082634948608
